{"Version":2,"SourceFileDate":132697347196290864,"Flags":["FL_BITMAP_COMPRESSION","FL_BITMAP_MIPMAP","FL_BITMAP_QUALITY_HIGH","FL_BITMAP_PRECOMPUTED_INV_AVG"],"InvAvgColor":[1.3578531742095947,1.3797177076339722,1.4030439853668213]}