{"Version":2,"SourceFileDate":132592510776605143,"Flags":["FL_BITMAP_COMPRESSION","FL_BITMAP_MIPMAP","FL_BITMAP_QUALITY_HIGH","FL_BITMAP_PRECOMPUTED_INV_AVG"],"InvAvgColor":[1.2318991422653198,1.2446812391281128,1.2581599950790405]}