{"Version":2,"SourceFileDate":132592868903475126,"Flags":["FL_BITMAP_COMPRESSION","FL_BITMAP_MIPMAP","FL_BITMAP_QUALITY_HIGH","FL_BITMAP_PRECOMPUTED_INV_AVG"],"InvAvgColor":[1.0089775323867798,1.0089775323867798,1.0089775323867798],"HasTransp":true}